id,source,author,title,description,url,published_at,content
1,ETF Daily News,MarketBeat News,"Wag! Group Co. (NASDAQ:PET) CTO Maziar Arjomand Sells 22,854 Shares","Wag! Group Co. (NASDAQ:PET – Get Free Report) CTO Maziar Arjomand sold 22,854 shares of Wag! Group stock in a transaction on Monday, May 20th. The stock was sold at an average price of $1.70, for a total value of $38,851.80. Following the sale, the chief tech…",https://www.etfdailynews.com/2024/05/22/wag-group-co-nasdaqpet-cto-maziar-arjomand-sells-22854-shares/,2024-05-22T10:26:43Z,"Wag! Group Co. (NASDAQ:PET – Get Free Report) CTO Maziar Arjomand sold 22,854 shares of Wag! Group stock in a transaction on Monday, May 20th. The stock was sold at an average price of $1.70, for a t… [+4362 chars]"
2,ETF Daily News,MarketBeat News,Haemonetics Co. (NYSE:HAE) EVP Josep Llorens Sells 822 Shares,"Haemonetics Co. (NYSE:HAE – Get Free Report) EVP Josep Llorens sold 822 shares of Haemonetics stock in a transaction dated Friday, May 17th. The stock was sold at an average price of $94.82, for a total transaction of $77,942.04. Following the completion of t…",https://www.etfdailynews.com/2024/05/22/haemonetics-co-nysehae-evp-josep-llorens-sells-822-shares/,2024-05-22T10:26:43Z,"Haemonetics Co. (NYSE:HAE – Get Free Report) EVP Josep Llorens sold 822 shares of Haemonetics stock in a transaction dated Friday, May 17th. The stock was sold at an average price of $94.82, for a to… [+5173 chars]"
3,ETF Daily News,MarketBeat News,Haemonetics Co. (NYSE:HAE) Insider Stewart W. Strong Sells 686 Shares,"Haemonetics Co. (NYSE:HAE – Get Free Report) insider Stewart W. Strong sold 686 shares of the stock in a transaction dated Monday, May 20th. The stock was sold at an average price of $95.11, for a total transaction of $65,245.46. Following the transaction, th…",https://www.etfdailynews.com/2024/05/22/haemonetics-co-nysehae-insider-stewart-w-strong-sells-686-shares/,2024-05-22T10:26:43Z,"Haemonetics Co. (NYSE:HAE – Get Free Report) insider Stewart W. Strong sold 686 shares of the stock in a transaction dated Monday, May 20th. The stock was sold at an average price of $95.11, for a to… [+5085 chars]"
4,AutoExpress,Ellis Hyde,First look: new Skoda Elroq electric SUV ready for autumn 2024 reveal,The compact electric SUV will be the first model to utilise Skoda’s new ‘Modern Solid’ design language,https://www.autoexpress.co.uk/skoda/363240/first-look-new-skoda-elroq-electric-suv-ready-autumn-2024-reveal,2024-05-22T10:26:42Z,"We recently published the first images of the all-new, all-electric Skoda Elroq undergoing testing, but the Czech brand clearly didnt think they were very flattering because its now provided us with … [+2038 chars]"
5,ETF Daily News,MarketBeat News,Haemonetics Co. (NYSE:HAE) EVP Josep Llorens Sells 987 Shares of Stock,"Haemonetics Co. (NYSE:HAE – Get Free Report) EVP Josep Llorens sold 987 shares of the business’s stock in a transaction dated Monday, May 20th. The shares were sold at an average price of $95.08, for a total value of $93,843.96. Following the sale, the execut…",https://www.etfdailynews.com/2024/05/22/haemonetics-co-nysehae-evp-josep-llorens-sells-987-shares-of-stock/,2024-05-22T10:26:42Z,"Haemonetics Co. (NYSE:HAE – Get Free Report) EVP Josep Llorens sold 987 shares of the business’s stock in a transaction dated Monday, May 20th. The shares were sold at an average price of $95.08, for… [+5296 chars]"
6,ETF Daily News,MarketBeat News,"Priority Technology Holdings, Inc. (NASDAQ:PRTH) Insider Sean Kiewiet Sells 21,100 Shares","Priority Technology Holdings, Inc. (NASDAQ:PRTH – Get Free Report) insider Sean Kiewiet sold 21,100 shares of the business’s stock in a transaction that occurred on Monday, May 20th. The shares were sold at an average price of $3.48, for a total transaction o…",https://www.etfdailynews.com/2024/05/22/priority-technology-holdings-inc-nasdaqprth-insider-sean-kiewiet-sells-21100-shares/,2024-05-22T10:26:42Z,"Priority Technology Holdings, Inc. (NASDAQ:PRTH – Get Free Report) insider Sean Kiewiet sold 21,100 shares of the business’s stock in a transaction that occurred on Monday, May 20th. The shares were … [+4515 chars]"
7,BusinessLine,BL Chennai Bureau,IIT Madras to house ‘Shell IITM Centre for Energy Research’ with focus on innovation,"The partnership will promote innovation, R&D & commercialization of technologies in the energy sector with key initiatives including the Shell Chair Professorship at IIT Madras",https://www.thehindubusinessline.com/info-tech/iit-madras-to-house-shell-iitm-centre-for-energy-research-with-focus-on-innovation/article68203146.ece,2024-05-22T10:26:21Z,"Indian Institute of Technology Madras (IIT Madras) Energy Consortium and Shell India have partnered to launch the Shell IITM Centre for Energy Research (SICER). The inauguration ceremony, which took … [+1081 chars]"
8,ETF Daily News,MarketBeat News,"Nasdaq, Inc. (NASDAQ:NDAQ) Shares Sold by Quadrant Capital Group LLC","Quadrant Capital Group LLC trimmed its holdings in shares of Nasdaq, Inc. (NASDAQ:NDAQ – Free Report) by 6.2% during the fourth quarter, according to the company in its most recent Form 13F filing with the Securities & Exchange Commission. The institutional i…",https://www.etfdailynews.com/2024/05/22/nasdaq-inc-nasdaqndaq-shares-sold-by-quadrant-capital-group-llc/,2024-05-22T10:24:42Z,"Quadrant Capital Group LLC trimmed its holdings in shares of Nasdaq, Inc. (NASDAQ:NDAQ – Free Report) by 6.2% during the fourth quarter, according to the company in its most recent Form 13F filing wi… [+7013 chars]"
9,Yahoo Entertainment,NULL,Summit host South Korea says world must cooperate on AI technology,NULL,https://consent.yahoo.com/v2/collectConsent?sessionId=1_cc-session_ad398d49-0fb9-421a-8940-8a20f35ddc54,2024-05-22T10:24:31Z,"If you click 'Accept all', we and our partners, including 238 who are part of the IAB Transparency &amp; Consent Framework, will also store and/or access information on a device (in other words, use … [+678 chars]"
10,Yahoo Entertainment,NULL,Summit host South Korea says world must cooperate on AI technology,NULL,https://consent.yahoo.com/v2/collectConsent?sessionId=1_cc-session_5d13157f-57cc-4256-94da-d6d744f7221d,2024-05-22T10:24:31Z,"If you click 'Accept all', we and our partners, including 238 who are part of the IAB Transparency &amp; Consent Framework, will also store and/or access information on a device (in other words, use … [+678 chars]"
11,CNA,NULL,Summit host South Korea says world must cooperate on AI technology,"SEOUL : South Korea's science and information technology minister said on Wednesday the world must cooperate to ensure the successful development of AI, as a global summit on the rapidly evolving technology hosted by his country wrapped up. The AI summit in S…",https://www.channelnewsasia.com/business/summit-host-south-korea-says-world-must-cooperate-ai-technology-4355041,2024-05-22T10:24:31Z,"SEOUL : South Korea's science and information technology minister said on Wednesday the world must cooperate to ensure the successful development of AI, as a global summit on the rapidly evolving tec… [+2091 chars]"
12,SciTechDaily,NULL,Autonomous AI Robot Creates a Shock-Absorbing Shape No Human Ever Could,"An autonomous robot created a shock-absorbing shape no human ever could. Learn what it means for designing safer helmets, packaging, car bumpers, and more. Within the confines of a lab in Boston University’s College of Engineering, a robot arm drops small, pl…",https://scitechdaily.com/crushing-it-autonomous-ai-robot-creates-a-shock-absorbing-shape-no-human-ever-could/,2024-05-22T10:23:44Z,"Boston University’s robot MAMA BEAR autonomously creates and tests energy-absorbing structures, recently achieving a record 75% efficiency, with applications ranging from shipping materials to milita… [+7599 chars]"
13,Insurance Journal,admin,"NormanMax Launches Nat Cat Parametric Lloyd’s Syndicate, Managed by Apollo","NormanMax Insurance Holdings, the Miami, Florida-based parametric re/insurance group, has launched Lloyd’s Syndicate 3939, in partnership with third-party managing agent Apollo. NormanMax Syndicate 3939 is the first syndicate to focuse on natural catastrophe …",https://www.insurancejournal.com/news/international/2024/05/22/775375.htm,2024-05-22T10:23:17Z,"NormanMax Insurance Holdings, the Miami, Florida-based parametric re/insurance group, has launched Lloyd’s Syndicate 3939, in partnership with third-party managing agent Apollo.
NormanMax Syndicate … [+3365 chars]"
14,Forbes,"David Hambling, Senior Contributor, 
 David Hambling, Senior Contributor
 https://www.forbes.com/sites/davidhambling/",New U.S. Technology Makes More Powerful Thermal Imagers At Lower Cost,"Thermal imaging vital for fighting in darkness, but high resolution sensors are too expensive for low-cost FPV drones. New technology is set to change that.",https://www.forbes.com/sites/davidhambling/2024/05/22/new-us-technology-makes-more--powerful-thermal-imagers-at-lower-cost/,2024-05-22T10:22:49Z,"Obsidian's thermal imager offers high resolution at a low cost thanks to a new production technique 
Obsidian Sensors
Thermal imaging has been a critical technology in the war in Ukraine, spotting … [+7398 chars]"
15,Offshore Technology,GlobalData,ExxonMobil and Shell considering bids for stake in Galp’s Namibia oilfield,TotalEnergies and Equinor are also interested in acquiring the 40% stake that Galp is looking to sell.,https://www.offshore-technology.com/news/exxonmobil-shell-namibia-field-stake/,2024-05-22T10:22:43Z,"ExxonMobil and Shell are among the energy giants evaluating bids for a stake in Galp Energia's oilfield offshore Namibia, reported Bloomberg, citing sources.
TotalEnergies and Equinor are also inter… [+2343 chars]"
16,Thefly.com,NULL,"Benchmark gets more bullish on Par Technology, upgrades shares","See the rest of the story here.

thefly.com provides the latest financial news as it breaks. Known as a leader in market intelligence, The Fly's real-time, streaming news feed keeps individual investors, professional money managers, active traders, and corpor…",https://thefly.com/permalinks/entry.php/id3922598/PAR-Benchmark-gets-more-bullish-on-Par-Technology-upgrades-shares,2024-05-22T10:22:37Z,"Earnings calls, analyst events, roadshows and more"
17,Hurriyet Daily News,hurriyetdailynews.com,"Ankara to press Brussels for concrete steps on customs union, visa-free travel","Türkiye will reiterate its expectations from the European Union in regard to the modernization of the customs union and visa liberalization during EU Commissioner for Neighborhood and Enlargement Negotiations Oliver Varhelyi’s visit to Ankara, the Turkish dip…",https://www.hurriyetdailynews.com/ankara-to-press-brussels-for-concrete-steps-on-customs-union-visa-free-travel-193820,2024-05-22T10:22:20Z,"ANKARA
Türkiye will reiterate its expectations from the European Union in regard to the modernization of the customs union and visaliberalization during EU Commissioner for Neighborhood and Enlargem… [+2099 chars]"
18,Marketscreener.com,NULL,"DBS Asian Insights Conference: Election's Over, What's the Government's Strategy to Grow the Economy and Achieve Golden Indonesia 2045? | Indonesia.21 May 2024.0 min read","(marketscreener.com) 
 DBS Asian Insights Conference: Election's Over, What's the Government's Strategy to Grow the Economy and Achieve Golden Indonesia 2045? | Bahasa
 
 
 Indonesia.21 May 2024.0 min read
 
 
 Experts project Indonesia's economic growth to r…",https://www.marketscreener.com/quote/stock/DBS-GROUP-HOLDINGS-LTD-6491408/news/DBS-Asian-Insights-Conference-Election-s-Over-What-s-the-Government-s-Strategy-to-Grow-the-Economy-46793264/,2024-05-22T10:22:07Z,"Downstreaming is a strategy to increase the added value of commodities, strengthen industrial structure, and create new jobs
 Bank DBS Indonesia brings together government representatives and expert… [+8417 chars]"
19,The Times of India,ETtech,"Oyo withdraws IPO application, opts for private funding in downround","Hospitality company Oyo has withdrawn its draft IPO papers for the second time, which it had filed in March 2023.",https://economictimes.indiatimes.com/tech/technology/oyo-withdraws-ipo-application-opts-for-private-funding-in-downround/articleshow/110332846.cms,2024-05-22T10:21:36Z,"SoftBank-backed hospitality company Oravel Stays, the parent company of Oyo Hotels and Homes, has officially withdrawn its draft prospectus filed with the Securities and Exchange Board of India (Sebi… [+1752 chars]"
20,ETF Daily News,MarketBeat News,"Dimensional Fund Advisors LP Purchases 94,052 Shares of Relx Plc (NYSE:RELX)","Dimensional Fund Advisors LP lifted its position in shares of Relx Plc (NYSE:RELX – Free Report) by 3.6% during the 4th quarter, according to the company in its most recent Form 13F filing with the Securities and Exchange Commission. The fund owned 2,694,052 …",https://www.etfdailynews.com/2024/05/22/dimensional-fund-advisors-lp-purchases-94052-shares-of-relx-plc-nyserelx/,2024-05-22T10:20:44Z,"Dimensional Fund Advisors LP lifted its position in shares of Relx Plc (NYSE:RELX – Free Report) by 3.6% during the 4th quarter, according to the company in its most recent Form 13F filing with the S… [+2842 chars]"
21,Marketscreener.com,NULL,Summit host South Korea says world must cooperate on AI technology,"(marketscreener.com) South Korea's science and
information technology minister said on Wednesday the world must
cooperate to ensure the successful development of AI, as a
global summit on the rapidly evolving technology hosted by his
country wrapped up.
 The …",https://www.marketscreener.com/quote/stock/MICROSOFT-CORPORATION-4835/news/Summit-host-South-Korea-says-world-must-cooperate-on-AI-technology-46793282/,2024-05-22T10:20:40Z,"SEOUL, May 22 (Reuters) - South Korea's science and
information technology minister said on Wednesday the world must
cooperate to ensure the successful development of AI, as a
global summit on the… [+2134 chars]"
22,Marketscreener.com,NULL,"Advent Technologies : Fuel Cell Technology for the Hydrogen Economy Investor Presentation, May 2024 - Form 8-K","(marketscreener.com) 
 Fuel Cell Technology for the Hydrogen Economy Investor Presentation, May 2024
 
 
 
 • DISCLAIMER The information, opinions, estimates, projections, forecasts, targets, or prospects contained in this presentation are provided as at the …",https://www.marketscreener.com/quote/stock/ADVENT-TECHNOLOGIES-HOLDI-49733048/news/Advent-Technologies-Fuel-Cell-Technology-for-the-Hydrogen-Economy-Investor-Presentation-May-2024-46793229/,2024-05-22T10:20:14Z,"Fuel Cell Technology for the Hydrogen Economy Investor Presentation, May 2024
DISCLAIMER The information, opinions, estimates, projections, forecasts, targets, or prospects contained in this present… [+39504 chars]"
23,Antaranews.com,"Ni Putu Putri, Raka Adji",Indonesia launches International Tropical Seaweed Research Center,"The Coordinating Ministry for Maritime Affairs and Investment launched the International Tropical Seaweed Research Center (ITSRC) in Badung District, Bali, on ...",https://en.antaranews.com/news/314133/indonesia-launches-international-tropical-seaweed-research-center,2024-05-22T10:20:13Z,"Badung, Bali (ANTARA) - The Coordinating Ministry for Maritime Affairs and Investment launched the International Tropical Seaweed Research Center (ITSRC) in Badung District, Bali, on Wednesday.The re… [+2618 chars]"
24,Finextra,Editorial Team,CFPB sues online lender SoLo Funds for deceiving borrowers,The Consumer Financial Protection Bureau (CFPB) today sued the online lending platform SoLo Funds for deceiving borrowers about the total cost of loans.,https://www.finextra.com/pressarticle/100870/cfpb-sues-online-lender-solo-funds-for-deceiving-borrowers,2024-05-22T10:20:10Z,"The Consumer Financial Protection Bureau (CFPB) today sued the online lending platform SoLo Funds for deceiving borrowers about the total cost of loans.
The CFPB alleges that SoLo markets itself as … [+5821 chars]"
25,MarketWatch,Louis Goss,"China mulls higher tariffs on European and U.S. made cars, business group says",A Chinese business group said the Chinese government is considering hiking tariffs on foreign made cars by up to 25%,https://www.marketwatch.com/story/china-mulls-higher-tariffs-on-european-and-u-s-made-cars-business-group-says-d5e4e2af,2024-05-22T10:20:00Z,European automakers shares fell on Wednesday after a Brussels-based business group said the Chinese government is considering increasing tariffs on the import of European and American made cars. In a… [+2028 chars]
26,CNBC,NULL,"AI will power the stock market for the next decade, former Cisco CEO says","Artificial intelligence will power the stock market for the next decade, according to former Cisco CEO John Chambers.",https://www.cnbc.com/2024/05/22/ai-will-power-the-stock-market-for-the-next-decade-former-cisco-ceo.html,2024-05-22T10:19:33Z,"Artificial intelligence will power the stock market for the next decade, former Cisco CEO John Chambers told CNBC on Wednesday.
Chambers, who is also the founder and CEO of JC2 Ventures, said that A… [+2161 chars]"
27,Marketscreener.com,NULL,Mib bearish; Leonardo and MPS advance,"(marketscreener.com) The Mib moves bearish on Wednesday, with the point bar in the 34,500 area, extending losses from the previous session and in line with other European exchanges as traders assess the monetary and economic outlook. Markets are positioning t…",https://www.marketscreener.com/quote/stock/LEONARDO-S-P-A-162001/news/Mib-bearish-Leonardo-and-MPS-advance-46793209/,2024-05-22T10:19:07Z,"(Alliance News) - The Mib moves bearish on Wednesday, with the point bar in the 34,500 area, extending losses from the previous session and in line with other European exchanges as traders assess the… [+5401 chars]"
28,ETF Daily News,MarketBeat News,"Janney Montgomery Scott LLC Buys 1,475 Shares of Gartner, Inc. (NYSE:IT)","Janney Montgomery Scott LLC raised its stake in shares of Gartner, Inc. (NYSE:IT – Free Report) by 15.1% during the 4th quarter, according to the company in its most recent Form 13F filing with the Securities and Exchange Commission (SEC). The institutional i…",https://www.etfdailynews.com/2024/05/22/janney-montgomery-scott-llc-buys-1475-shares-of-gartner-inc-nyseit/,2024-05-22T10:18:41Z,"Janney Montgomery Scott LLC raised its stake in shares of Gartner, Inc. (NYSE:IT – Free Report) by 15.1% during the 4th quarter, according to the company in its most recent Form 13F filing with the S… [+6772 chars]"
29,ETF Daily News,MarketBeat News,Smart Powerr (NASDAQ:CREG) vs. Boralex (OTCMKTS:BRLXF) Financial Review,"Smart Powerr (NASDAQ:CREG – Get Free Report) and Boralex (OTCMKTS:BRLXF – Get Free Report) are both utilities companies, but which is the superior business? We will compare the two companies based on the strength of their analyst recommendations, risk, profit…",https://www.etfdailynews.com/2024/05/22/smart-powerr-nasdaqcreg-vs-boralex-otcmktsbrlxf-financial-review/,2024-05-22T10:18:41Z,"Smart Powerr (NASDAQ:CREG – Get Free Report) and Boralex (OTCMKTS:BRLXF – Get Free Report) are both utilities companies, but which is the superior business? We will compare the two companies based on… [+4883 chars]"
30,Marketscreener.com,NULL,Siemens: six-year framework agreement with Norgesnett,"(marketscreener.com) Siemens Smart Infrastructure announces that it has signed a six-year framework agreement with Norgesnett to supply SF6 gas-free switchgear - such as the 8DJH 24 - Blue GIS - as well as compact substations.Norgesnett, the Norwegian grid op…",https://www.marketscreener.com/quote/stock/SIEMENS-AG-56358595/news/Siemens-six-year-framework-agreement-with-Norgesnett-46793193/,2024-05-22T10:18:04Z,Siemens Smart Infrastructure announces that it has signed a six-year framework agreement with Norgesnett to supply SF6 gas-free switchgear - such as the 8DJH 24 - Blue GIS - as well as compact substa… [+581 chars]
31,ETF Daily News,MarketBeat News,"Mitsubishi UFJ Asset Management Co. Ltd. Buys 95,092 Shares of Plug Power Inc. (NASDAQ:PLUG)","Mitsubishi UFJ Asset Management Co. Ltd. raised its holdings in shares of Plug Power Inc. (NASDAQ:PLUG – Free Report) by 42.7% in the 4th quarter, according to its most recent Form 13F filing with the Securities and Exchange Commission (SEC). The firm owned 3…",https://www.etfdailynews.com/2024/05/22/mitsubishi-ufj-asset-management-co-ltd-buys-95092-shares-of-plug-power-inc-nasdaqplug/,2024-05-22T10:16:41Z,"Mitsubishi UFJ Asset Management Co. Ltd. raised its holdings in shares of Plug Power Inc. (NASDAQ:PLUG – Free Report) by 42.7% in the 4th quarter, according to its most recent Form 13F filing with th… [+6166 chars]"
32,ETF Daily News,MarketBeat News,"Mitsubishi UFJ Asset Management Co. Ltd. Grows Position in Inspire Medical Systems, Inc. (NYSE:INSP)","Mitsubishi UFJ Asset Management Co. Ltd. grew its stake in Inspire Medical Systems, Inc. (NYSE:INSP – Free Report) by 88.3% during the 4th quarter, according to the company in its most recent filing with the Securities and Exchange Commission. The institution…",https://www.etfdailynews.com/2024/05/22/mitsubishi-ufj-asset-management-co-ltd-grows-position-in-inspire-medical-systems-inc-nyseinsp/,2024-05-22T10:16:41Z,"Mitsubishi UFJ Asset Management Co. Ltd. grew its stake in Inspire Medical Systems, Inc. (NYSE:INSP – Free Report) by 88.3% during the 4th quarter, according to the company in its most recent filing … [+6759 chars]"
33,Marketscreener.com,NULL,CorVel Announces Revenues and Earnings,"(marketscreener.com) FORT WORTH, Texas, May 22, 2024 -- CorVel Corporation announced the results for the quarter and fiscal year ended March 31, 2024. Revenues for the quarter were $207 million, an increase from $185 million in the same quarter of the previou…",https://www.marketscreener.com/quote/stock/CORVEL-CORPORATION-8910/news/CorVel-Announces-Revenues-and-Earnings-46793172/,2024-05-22T10:16:05Z,"FORT WORTH, Texas, May 22, 2024 (GLOBE NEWSWIRE) -- CorVel Corporation (NASDAQ: CRVL) announced the results for the quarter and fiscal year ended March 31, 2024. Revenues for the quarter were $207 mi… [+10645 chars]"
34,Investing.com,Investing.com,Wishpond Reports Q1-2024 Financial Results with Ongoing Revenue Growth and 39% Improvement in Adjusted EBITDA(1),Wishpond Reports Q1-2024 Financial Results with Ongoing Revenue Growth and 39% Improvement in Adjusted EBITDA(1),https://www.investing.com/news/press-releases/wishpond-reports-q12024-financial-results-with-ongoing-revenue-growth-and-39-improvement-in-adjusted-ebitda1-93CH-3451566,2024-05-22T10:16:04Z,"<ul><li>Wishpond achieved revenue of $6.1 million
 in Q1-2024, representing an annualized revenue run-rate(1) of over $24 million
, driven by sales of the Company's next generation marketing platfo… [+20273 chars]"
35,InvestorsObserver,InvestorsObserver,"Eric Kobe joins Koalafi as President, Bolstering Leadership Team for Next Phase of Growth","Eric Kobe joins Koalafi as President, Bolstering Leadership Team for Next Phase of Growth           PR Newswire             RICHMOND, Va.     ,     May 22, 2024     /PRNewswire/ -- Koalafi, a financial technology company committed to delivering inclusi...",https://www.investorsobserver.com/news/qm-pr/7467833903425958,2024-05-22T10:15:00Z,"RICHMOND, Va.
,
May 22, 2024
/PRNewswire/ -- Koalafi, a financial technology company committed to delivering inclusive financial products, announced the appointment of Eric Kobe as President, effe… [+2332 chars]"
36,GlobeNewswire,CorVel Corp.,CorVel Announces Revenues and Earnings,"FORT WORTH, Texas, May 22, 2024 (GLOBE NEWSWIRE) -- CorVel Corporation (NASDAQ: CRVL) announced the results for the quarter and fiscal year ended March 31, 2024. Revenues for the quarter were $207 million, an increase from $185 million in the same quarter of …",https://www.globenewswire.com/news-release/2024/05/22/2886323/34735/en/CorVel-Announces-Revenues-and-Earnings.html,2024-05-22T10:15:00Z,"FORT WORTH, Texas, May 22, 2024 (GLOBE NEWSWIRE) -- CorVel Corporation (NASDAQ: CRVL) announced the results for the quarter and fiscal year ended March 31, 2024. Revenues for the quarter were $207 mi… [+10637 chars]"
37,Forbes,"Lindsey Witmer Collins, Forbes Councils Member, 
 Lindsey Witmer Collins, Forbes Councils Member
 https://www.forbes.com/sites/forbestechcouncil/people/lindseywitmercollins/",The Broken Social Scene,Bad incentives and impotent values have made a dumpster fire of social media. What can we do about it?,https://www.forbes.com/sites/forbestechcouncil/2024/05/22/the-broken-social-scene/,2024-05-22T10:15:00Z,"Lindsey Witmer Collins is the Founder and CEO of WLCM App Studio, an award-winning software design and development agency.
getty
I recently had a brief, terse back-and-forth with a stranger on Link… [+6746 chars]"
38,Theonion.com,The Onion,Microsoft’s AI Chatbot Will Remember Everything Users Do On Their Computers,"Microsoft revealed an updated version of their AI assistant Copilot, which will use generative technology to remember everything users do on their PCs and suggest things you might like to do next. What do you think?Read more...",https://www.theonion.com/microsoft-s-ai-chatbot-will-remember-everything-users-d-1851491926,2024-05-22T10:15:00Z,"As long as it helps me build a bomb, Im willing to sacrifice privacy.
Conrad Nichter, systems analyst"
39,InvestorsObserver,InvestorsObserver,TSOLife Launches Innovative Transportation Management Tool,"TSOLife Launches Innovative Transportation Management Tool           PR Newswire             Tampa   -based technology company, TSOLife, debuts new transportation management tool designed for senior living communities.           TAMPA, Fla.     ,     M...",https://www.investorsobserver.com/news/qm-pr/7926633687378333,2024-05-22T10:15:00Z,"Tampa
-based technology company, TSOLife, debuts new transportation management tool designed for senior living communities.
TAMPA, Fla.
,
May 22, 2024
/PRNewswire/ -- TSOLife, the premier reside… [+2289 chars]"
40,Gizchina.com,Abdullah,Mobile Processor: Huawei Surpasses Google in Units Shipped,"The first quarter of 2024 has brought interesting developments in the mobile processor (SoC) market, with established players like Apple and Qualcomm facing resurgent competition ...
The post Mobile Processor: Huawei Surpasses Google in Units Shipped appeared…",https://www.gizchina.com/2024/05/22/mobile-processor-huawei-surpasses-google-in-units-shipped/,2024-05-22T10:12:00Z,"The first quarter of 2024 has brought interesting developments in the mobile processor (SoC) market, with established players like Apple and Qualcomm facing resurgent competition from Chinese compani… [+8964 chars]"
41,ETF Daily News,MarketBeat News,"Premier, Inc. (NASDAQ:PINC) Insider Andy Brailo Sells 8,331 Shares of Stock","Premier, Inc. (NASDAQ:PINC – Get Free Report) insider Andy Brailo sold 8,331 shares of the business’s stock in a transaction that occurred on Monday, May 20th. The shares were sold at an average price of $19.64, for a total value of $163,620.84. Following the…",https://www.etfdailynews.com/2024/05/22/premier-inc-nasdaqpinc-insider-andy-brailo-sells-8331-shares-of-stock/,2024-05-22T10:10:42Z,"Premier, Inc. (NASDAQ:PINC – Get Free Report) insider Andy Brailo sold 8,331 shares of the business’s stock in a transaction that occurred on Monday, May 20th. The shares were sold at an average pric… [+4631 chars]"
42,BusinessLine,BL Kochi Bureau,Coconut Development Board urged to prevent adulteration in coconut oil,COMA President emphasized the need for keeping quality standards in coconut oil production and requested the support of the Board in preventing adulteration of coconut oil,https://www.thehindubusinessline.com/economy/agri-business/coconut-development-board-urged-to-prevent-adulteration-in-coconut-oil/article68203044.ece,2024-05-22T10:09:40Z,"To facilitate interaction with major stakeholders on quality management and food safety standards, Coconut Development Board organized one day seminar on prospects and challenges in the coconut oil s… [+1124 chars]"
43,Livemint,Krishna Yadav,Delhi High Court to hear Tesla vs Tesla Power case next on 28 May,"The court had previously said that Gurugram-based Tesla Power, accused of trademark infringement by Elon Musk's firm, had been operating for four years and deserved an opportunity to present its case.",https://www.livemint.com/companies/news/delhi-high-court-to-hear-tesla-vs-tesla-power-case-next-on-28-may-11716370397975.html,2024-05-22T10:08:38Z,New Delhi: The Delhi High Court will hear Tesla Inc's trademark infringement case against Gurugram-based Tesla Power India Pvt Ltd next on 28 May. The case was initially slated to be heard by Justice… [+2727 chars]
44,Financial Post,Business Wire,Beacon Launches with CAD $5.25M Seed Round to Develop Purpose-Built Super App Supporting Canadian Immigrant Journey,"TORONTO — Beacon, a new solution built to facilitate smooth transitions for immigrants relocating to Canada, has completed a CAD $5.25 million seed round and officially launched in the Canadian market. This investment was supported by prominent figures in the…",https://financialpost.com/pmn/business-wire-news-releases-pmn/beacon-launches-with-cad-5-25m-seed-round-to-develop-purpose-built-super-app-supporting-canadian-immigrant-journey,2024-05-22T10:07:51Z,"TORONTO Beacon, a new solution built to facilitate smooth transitions for immigrants relocating to Canada, has completed a CAD $5.25 million seed round and officially launched in the Canadian market.… [+4662 chars]"
45,Financial Post,Business Wire,HYAS Infosec Named “Best Overall Healthcare Cybersecurity Company” in 8th Annual MedTech Breakthrough Awards Program,"HYAS Insight Advanced Threat Intelligence and HYAS Protect Protective DNS Proactively Thwart Attacks on the Healthcare Sector Before Damage Can Occur VANCOUVER, British Columbia — HYAS Infosec, the adversary infrastructure platform provider that offers unpara…",https://financialpost.com/pmn/business-wire-news-releases-pmn/hyas-infosec-named-best-overall-healthcare-cybersecurity-company-in-8th-annual-medtech-breakthrough-awards-program,2024-05-22T10:07:46Z,"Author of the article:
HYAS Protect immediately identifies attempted communication to malicious domains and infrastructure external to an organization. As part of a zero-trust architecture, it enabl… [+9781 chars]"
46,Financial Post,Business Wire,"Enhanced Experian Ascend Technology Platform™ Transforms Software for Credit, Fraud and Analytics","First-of-its-kind platform now integrates Experian’s market-leading data, generative AI and cutting-edge machine learning solutions into one unified interface COSTA MESA, Calif. — As companies around the globe grapple with an accelerated pace of change and se…",https://financialpost.com/pmn/business-wire-news-releases-pmn/enhanced-experian-ascend-technology-platform-transforms-software-for-credit-fraud-and-analytics,2024-05-22T10:07:31Z,"Author of the article:
Article content
First-of-its-kind platform now integrates Experians market-leading data, generative AI and cutting-edge machine learning solutions into one unified interface
… [+10441 chars]"
47,Financial Post,Business Wire,Netcracker Receives Awards for Achievements in Customer Experience and Automation from FutureNet World,"Netcracker Honored for Most Innovative Application of AI to Enhance Customer Experience and Leading Solution for Network Automation WALTHAM, Mass. — Netcracker Technology announced today that it has won two awards from FutureNet World: the Customer Experience…",https://financialpost.com/pmn/business-wire-news-releases-pmn/netcracker-receives-awards-for-achievements-in-customer-experience-and-automation-from-futurenet-world,2024-05-22T10:07:21Z,"Netcracker Honored for Most Innovative Application of AI to Enhance Customer Experience and Leading Solution for Network Automation
WALTHAM, Mass. Netcracker Technology announced today that it has w… [+3317 chars]"
48,Semrush.com,NULL,The Ultimate Keyword Research Checklist for 2024,Here‘s a step-by-step keyword research checklist to help you rank for your target keywords.,https://www.semrush.com/blog/keyword-research-checklist/,2024-05-22T10:07:00Z,"This is a step-by-step keyword research checklist to help you rank higher in unpaid search results. And drive more valuable traffic to your site.
Weve used these steps on our blog to rank for over 1… [+11699 chars]"
49,Marketscreener.com,NULL,Dycom Industries : Q1 2025 Presentation Materials,"(marketscreener.com) 
 
 st
 
 
 May 22, 2024
 
 
 
 
 Participants
 
 
 
 
 
 Steven E. Nielsen
 
 
 
 
 President and Chief Executive Officer
 
 
 
 
 
 
 ...https://www.marketscreener.com/quote/stock/DYCOM-INDUSTRIES-INC-12388/news/Dycom-Industries-Q1-2025…",https://www.marketscreener.com/quote/stock/DYCOM-INDUSTRIES-INC-12388/news/Dycom-Industries-Q1-2025-Presentation-Materials-46793042/,2024-05-22T10:06:09Z,"Important Information
Caution Concerning Forward-Looking Statements
This presentation contains forward-looking statements within the meaning of the 1995 Private Securities Litigation Reform Act. Th… [+4214 chars]"
50,Marketscreener.com,NULL,"Hightech Payment S A : HPS expands global footprint with new office in Pune, India","(marketscreener.com) 
 HPS expands global footprint with new office in Pune, India
 
 
 
 Date: 22 Mai 2024
 
 
 Download 
 
 
 Casablanca, 21 May 2024 - HPS, the leading global provider of payment software and services, is thrilled to announce the official o…",https://www.marketscreener.com/quote/stock/HIGHTECH-PAYMENT-SYSTEMS--1408706/news/Hightech-Payment-S-A-HPS-expands-global-footprint-with-new-office-in-Pune-India-46793040/,2024-05-22T10:06:08Z,"Casablanca, 21 May 2024 - HPS, the leading global provider of payment software and services, is thrilled to announce the official opening of its new office and delivery center in Pune, India, marking… [+3129 chars]"
51,Biztoc.com,theglobeandmail.com,"Yes, carbon capture is good","Madison Savilow is the director of corporate and external affairs for Carbon Upcycling. Carbon capture and storage (CCS) has long been touted as a way to help Canada achieve our global commitments to a reduced carbon footprint. Unfortunately, the development …",https://biztoc.com/x/281a9e2a2f3d757c,2024-05-22T10:06:06Z,Madison Savilow is the director of corporate and external affairs for Carbon Upcycling.Carbon capture and storage (CCS) has long been touted as a way to help Canada achieve our global commitments to … [+289 chars]
52,Geeky Gadgets,Julian Horsey,Sonos Ace headphones “Obsessively crafted and masterfully tuned”,"Sonos has officially entered the personal listening market with the launch of its first-ever headphones, Sonos Ace. These premium over-the-ear Bluetooth headphones are designed to deliver an unparalleled audio experience, combining Sonos’ renowned sound quali…",https://www.geeky-gadgets.com/sonos-ace-headphones/,2024-05-22T10:05:37Z,"Sonos has officially entered the personal listening market with the launch of its first-ever headphones, Sonos Ace. These premium over-the-ear Bluetooth headphones are designed to deliver an unparall… [+3187 chars]"
53,PC Gamer,Nick Evanson,Microsoft's auto AI upscaler will only be available on Snapdragon-powered Copilot+ AI PCs to begin with,"And narrowing down its scope even further, it'll only work on a very small number of games.",https://www.pcgamer.com/hardware/microsofts-auto-ai-upscaler-will-only-be-available-on-snapdragon-powered-copilot-ai-pcs-to-begin-with/,2024-05-22T10:05:05Z,"Earlier this year, it came to light that Microsoft had been developing an AI upscaler for Windows, called Automatic Super Resolution (ASR). The concept behind the system is that any game can get a bo… [+3431 chars]"
54,Aero-news.net,editor@aero-news.net (Jim Campbell),B-21 Raider Continues Flight Test Program USAF Releases Inflight Photos,"USAF Releases Inflight Photos The Air Force is releasing dramatic inflight pix of the new B-21 Raider, now undergoing flight test. Following its formal unveiling, Dec. 2, 2022, the B-21 Raider began flight testing at Edwards Air Force Base where it continues …",https://www.aero-news.net/index.cfm?do=main.textpost&id=A30D74FF-BD73-4AAA-AB37-E5408D8CF1C2,2024-05-22T10:05:00Z,"The Air Force is releasing dramatic inflight pix of the new B-21 Raider, now undergoing flight test. 
Following its formal unveiling, Dec. 2, 2022, the B-21 Raider began flight testing at Edwards Ai… [+1600 chars]"
55,ETF Daily News,MarketBeat News,"Principal Financial Group Inc. Sells 1,048 Shares of Dolby Laboratories, Inc. (NYSE:DLB)","Principal Financial Group Inc. lowered its position in Dolby Laboratories, Inc. (NYSE:DLB – Free Report) by 0.5% during the 4th quarter, according to the company in its most recent Form 13F filing with the SEC. The institutional investor owned 218,617 shares …",https://www.etfdailynews.com/2024/05/22/principal-financial-group-inc-sells-1048-shares-of-dolby-laboratories-inc-nysedlb/,2024-05-22T10:04:41Z,"Principal Financial Group Inc. lowered its position in Dolby Laboratories, Inc. (NYSE:DLB – Free Report) by 0.5% during the 4th quarter, according to the company in its most recent Form 13F filing wi… [+3715 chars]"
56,EURACTIV,Silvia Lorenzo Perez,"Governments spying on citizens: Who is to blame, what can the EU do?","Governments wield considerable influence in the cyber realm and must face accountability for their actions, argues CDT's Silvia Lorenzo Perez.",https://www.euractiv.com/section/digital/opinion/governments-spying-on-citizens-who-is-to-blame-what-can-the-eu-do/,2024-05-22T10:04:35Z,"In recent years, revelations about governments’ use of spyware to target political opponents and civil society represenatitives has been rampant. These actors need to face accountability for their ac… [+5569 chars]"
57,Marketscreener.com,NULL,Arnoldo Mondadori Editore S p A : Presentation PLAI – Mondadori Group Accelerator,"(marketscreener.com) 
 
 WHO WE ARE
 
 
 F o r g i n g t h e F u t u r e through Gen A.I. Talent
 
 
 PLAI is the Italian Accelerator igniting the growth of innovative Startups and nurturing a community of talents in the Generative AI field. Our mission is to…",https://www.marketscreener.com/quote/stock/ARNOLDO-MONDADORI-EDITORE-76275/news/Arnoldo-Mondadori-Editore-S-p-A-Presentation-PLAI-Mondadori-Group-Accelerator-46792992/,2024-05-22T10:04:08Z,"WHO WE ARE
F o r g i n g t h e F u t u r e through Gen A.I. Talent
PLAI is the Italian Accelerator igniting the growth of innovative Startups and nurturing a community of talents in the Generative … [+8536 chars]"
58,Marketscreener.com,NULL,Arnoldo Mondadori Editore S p A : Presentazione PLAI – Mondadori Group Accelerator,"(marketscreener.com) 
 
 WHO WE ARE
 
 
 F o r g i n g t h e F u t u r e through Gen A.I. Talent
 
 
 PLAI is the Italian Accelerator igniting the growth of innovative Startups and nurturing a community of talents in the Generative AI field. Our mission is to…",https://www.marketscreener.com/quote/stock/ARNOLDO-MONDADORI-EDITORE-76275/news/Arnoldo-Mondadori-Editore-S-p-A-Presentazione-PLAI-Mondadori-Group-Accelerator-46792991/,2024-05-22T10:04:08Z,"WHO WE ARE
F o r g i n g t h e F u t u r e through Gen A.I. Talent
PLAI is the Italian Accelerator igniting the growth of innovative Startups and nurturing a community of talents in the Generative … [+8536 chars]"
59,ETF Daily News,MarketBeat News,Janney Montgomery Scott LLC Buys 341 Shares of Silicon Motion Technology Co. (NASDAQ:SIMO),"Janney Montgomery Scott LLC raised its stake in Silicon Motion Technology Co. (NASDAQ:SIMO – Free Report) by 0.5% during the fourth quarter, according to the company in its most recent Form 13F filing with the SEC. The institutional investor owned 73,150 shar…",https://www.etfdailynews.com/2024/05/22/janney-montgomery-scott-llc-buys-341-shares-of-silicon-motion-technology-co-nasdaqsimo/,2024-05-22T10:02:42Z,"Janney Montgomery Scott LLC raised its stake in Silicon Motion Technology Co. (NASDAQ:SIMO – Free Report) by 0.5% during the fourth quarter, according to the company in its most recent Form 13F filin… [+4569 chars]"
60,Marketscreener.com,NULL,Elliptic Laboratories : Labs – Minutes of Annual General Meeting,"(marketscreener.com) 
 
 Oslo, 22 May 2024: The annual general meeting of Elliptic Laboratories ASA was held today. The minutes of the meeting, including appendices, are attached to this notice and will be made available on the Company's website, www.elliptic…",https://www.marketscreener.com/quote/stock/ELLIPTIC-LABORATORIES-ASA-113902294/news/Elliptic-Laboratories-Labs-Minutes-of-Annual-General-Meeting-46792977/,2024-05-22T10:02:15Z,"Oslo, 22 May 2024: The annual general meeting of Elliptic Laboratories ASA (""Elliptic Labs"" or the ""Company"") was held today. The minutes of the meeting, including appendices, are attached to this no… [+1724 chars]"
61,Marketscreener.com,NULL,"Enhanced Experian Ascend Technology Platform™ Transforms Software for Credit, Fraud and Analytics","(marketscreener.com) 
First-of-its-kind platform now integrates Experian’s market-leading data, generative AI and cutting-edge machine learning solutions into one unified interface

https://www.marketscreener.com/quote/stock/EXPERIAN-PLC-9590128/news/Enhanced…",https://www.marketscreener.com/quote/stock/EXPERIAN-PLC-9590128/news/Enhanced-Experian-Ascend-Technology-Platform-Transforms-Software-for-Credit-Fraud-and-Analytics-46792972/,2024-05-22T10:02:07Z,"First-of-its-kind platform now integrates Experians market-leading data, generative AI and cutting-edge machine learning solutions into one unified interface
As companies around the globe grapple wi… [+7845 chars]"
62,Financial Post,GlobeNewswire,ProcessMaker Wins Top Award as 2024 Best Generative AI Solution from SIIA CODiE,"Recognized for superior innovation, user-friendliness and problem solving through GenAI Durham, North Carolina, May 22, 2024 (GLOBE NEWSWIRE) — ProcessMaker, a business process automation platform, announces that ProcessMaker Platform was named the 2024 SIIA …",https://financialpost.com/globe-newswire/processmaker-wins-top-award-as-2024-best-generative-ai-solution-from-siia-codie,2024-05-22T10:01:45Z,"Recognized for superior innovation, user-friendliness and problem solving through GenAI
Durham, North Carolina, May 22, 2024 (GLOBE NEWSWIRE) ProcessMaker, a business process automation platform, an… [+3211 chars]"
63,Geeky Gadgets,Roland Hutchinson,How to Optimize ChatGPT GPT-4o Prompts,"In the realm of artificial intelligence, specifically within the landscape of language models like GPT-4o, the art of crafting effective prompts can significantly influence the quality and relevance of the generated responses. Optimizing prompts is essential …",https://www.geeky-gadgets.com/how-to-optimize-gpt-4o-prompts/,2024-05-22T10:01:27Z,"In the realm of artificial intelligence, specifically within the landscape of language models like GPT-4o, the art of crafting effective prompts can significantly influence the quality and relevance … [+9187 chars]"
64,Irunfar.com,Kristin Zosel,Nike Pegasus Trail 5 Review,"The post Nike Pegasus Trail 5 Review appeared first on iRunFar.
An in-depth review of the Nike Pegasus Trail 5 trail running shoes.
Nike Pegasus Trail 5 Review by Kristin Zosel.",https://www.irunfar.com/nike-pegasus-trail-5-review,2024-05-22T10:01:21Z,"The Nike Pegasus Trail 5. All photos: iRunFar/Bryon Powell
The Nike Pegasus Trail 5 ($150), like its predecessors, is my magic slipper of sorts for daily, non-technical singletrack running. It can a… [+9657 chars]"
65,Marketscreener.com,NULL,FusionIQ Announces Integration with Interactive Brokers Canada,"(marketscreener.com) 

Innovations for financial advisors, including FusionIQ's FIQ Journey product, now available to industry leaders in Canada
WOBURN, Mass., May 22, 2024 /PRNewswire/ -- FusionIQ, a leader in the delivery of cloud-based wealth management so…",https://www.marketscreener.com/quote/stock/INTERACTIVE-BROKERS-GROUP-50014/news/FusionIQ-Announces-Integration-with-Interactive-Brokers-Canada-46792956/,2024-05-22T10:01:13Z,"Innovations for financial advisors, including FusionIQ's FIQ Journey product, now available to industry leaders in Canada
WOBURN, Mass., May 22, 2024 /PRNewswire/ -- FusionIQ, a leader in the delive… [+4217 chars]"
66,Marketscreener.com,NULL,Wishpond Reports Q1-2024 Financial Results with Ongoing Revenue Growth and 39% Improvement in Adjusted EBITDA(1),"(marketscreener.com) 

Wishpond achieved revenue of $6.1 million in Q1-2024, representing an annualized revenue run-rate of over $24 million, driven by sales of the Company's next generation marketing platform, Propel IQ.Wishpond achieved Adjusted EBITDA of $…",https://www.marketscreener.com/quote/stock/WISHPOND-TECHNOLOGIES-LTD-122701099/news/Wishpond-Reports-Q1-2024-Financial-Results-with-Ongoing-Revenue-Growth-and-39-Improvement-in-Adjust-46792958/,2024-05-22T10:01:13Z,"<ul><li>Wishpond achieved revenue of $6.1 million in Q1-2024, representing an annualized revenue run-rate(1) of over $24 million, driven by sales of the Company's next generation marketing platform, … [+20443 chars]"
67,Marketscreener.com,NULL,"Waterdrop Inc. to Report First Quarter 2024 Financial Results on June 5, 2024","(marketscreener.com) 

BEIJING, May 22, 2024 /PRNewswire/ -- Waterdrop Inc. , a leading technology platform dedicated to insurance and healthcare service with a positive social impact, today announced that it will report its unaudited financial results for th…",https://www.marketscreener.com/quote/stock/WATERDROP-INC-122374816/news/Waterdrop-Inc-to-Report-First-Quarter-2024-Financial-Results-on-June-5-2024-46792953/,2024-05-22T10:01:12Z,"BEIJING, May 22, 2024 /PRNewswire/ -- Waterdrop Inc. (NYSE: WDH) (""Waterdrop"" or the ""Company""), a leading technology platform dedicated to insurance and healthcare service with a positive social imp… [+2493 chars]"
68,Marketscreener.com,NULL,KBR and Sumitomo Chemical Form Technology Licensing Alliance for Sustainable Propylene Oxide Production,"(marketscreener.com) 

HOUSTON, May 22, 2024 /PRNewswire/ -- KBR and Sumitomo Chemical announced today that they have signed an alliance agreement to make KBR an exclusive licensing partner for Sumitomo Chemical's state-of-the-art propylene oxide by cumene te…",https://www.marketscreener.com/quote/stock/KBR-INC-36548/news/KBR-and-Sumitomo-Chemical-Form-Technology-Licensing-Alliance-for-Sustainable-Propylene-Oxide-Product-46792954/,2024-05-22T10:01:12Z,"HOUSTON, May 22, 2024 /PRNewswire/ -- KBR (NYSE: KBR) and Sumitomo Chemical announced today that they have signed an alliance agreement to make KBR an exclusive licensing partner for Sumitomo Chemica… [+4821 chars]"
69,Marketscreener.com,NULL,Teledyne FLIR Defense Upgrades Surveillance Service Center Capability in Turkey,"(marketscreener.com) 
Capital investment in Periter A.S. operation enhances services and ensures majority of Turkish customer support needs are handled in-country

https://www.marketscreener.com/quote/stock/TELEDYNE-TECHNOLOGIES-INC-14569/news/Teledyne-FLIR-D…",https://www.marketscreener.com/quote/stock/TELEDYNE-TECHNOLOGIES-INC-14569/news/Teledyne-FLIR-Defense-Upgrades-Surveillance-Service-Center-Capability-in-Turkey-46792950/,2024-05-22T10:01:07Z,"Capital investment in Periter A.S. operation enhances services and ensures majority of Turkish customer support needs are handled in-country
Teledyne FLIR Defense recently completed a major upgrade … [+3660 chars]"
70,[Removed],NULL,[Removed],[Removed],https://removed.com,1970-01-01T00:00:00Z,[Removed]
71,[Removed],NULL,[Removed],[Removed],https://removed.com,1970-01-01T00:00:00Z,[Removed]
72,[Removed],NULL,[Removed],[Removed],https://removed.com,1970-01-01T00:00:00Z,[Removed]
73,Fox News,"Kurt Knutsson, CyberGuy Report",China unveils its first full-size electric running humanoid robot,"Tiangong is a full-size humanoid robot from China that stands as tall as an average human, can jog and is capable of running on electric power.",https://www.foxnews.com/tech/china-unveils-its-first-full-size-electric-running-humanoid-robot,2024-05-22T10:00:48Z,"Like it or not, soon our world is going to be filled with robots that walk among us, not as clunky machines of sci-fi films, but with the grace and agility of humans.
Take Tiangong, for example, a f… [+4442 chars]"
74,New York Magazine,Errol Louis,Why Are New York City Schools Still So Segregated?,"Seventy years after Brown v. Board, the city is refusing to deal with the problem, writes columnist Errol Louis.",http://nymag.com/intelligencer/article/why-are-new-york-city-schools-still-so-segregated.html,2024-05-22T10:00:42Z,"The 70th anniversary of the Supreme Courts Brown v. Board of Education decision, which outlawed racial segregation in public schools, came and went in New York with little official notice. Perhaps ou… [+5839 chars]"
75,Lenscratch.com,Kassandra Eller,THE CENTER AWARDS: ME&EVE GRANT: ANNA REED,"Congratulations to Anna Reed for being selected for CENTER’s Me&Eve Grant recognizing her project, Merging Dimensions. The Me&Eve Grant provides financial support to a woman, female-identified, non-binary, transgender, gender non-conforming, or two-spirited p…",http://lenscratch.com/2024/05/the-center-awards-meeve-grant-anna-reed/,2024-05-22T10:00:40Z,"© Anna Reed, Echo Chamber, from Merging Dimensions
Congratulations to Anna Reed for being selected for CENTERs Me&amp;Eve Grantrecognizing her project, Merging Dimensions. The Me&amp;Eve Grant provi… [+5916 chars]"
76,Soldiersystems.net,David Reeder,AimLock: Leading the Charge in Semi-Autonomous Weapons Tech,"Denver, CO – AimLock, a pivotal innovator in the defense industry, continues to redefine precision targeting and engagement capabilities with its state-of-the-art semi-autonomous weapon systems. Since its inception in 2009 and incorporation in 2013, AimLock h…",https://soldiersystems.net/2024/05/22/aimlock-leading-the-charge-in-semi-autonomous-weapons-tech/,2024-05-22T10:00:35Z,"Denver, CO  AimLock, a pivotal innovator in the defense industry, continues to redefine precision targeting and engagement capabilities with its state-of-the-art semi-autonomous weapon systems.
Sinc… [+3315 chars]"
77,Financial Post,Financial Times,"Now that everyone hates private equity, I’ll buy some",Why I am warming to private equity after decades of criticizing the industry. Find out more,https://financialpost.com/financial-times/everyone-hates-private-equity-so-buy-some,2024-05-22T10:00:27Z,"And I've found a way to do it that avoids the insane fees
Author of the article:
You share in the geared upside of assets managed by the likes of Blackstone Inc., KKR &amp; Co. Inc. and Apollo Glob… [+8755 chars]"
78,[Removed],NULL,[Removed],[Removed],https://removed.com,1970-01-01T00:00:00Z,[Removed]
79,CNET,Geoffrey Morrison,How Do Transparent TVs Work? - CNET,"They look like the work of science-fiction, but they're real and soon you can buy one for your home. How do transparent TVs actually work?",https://www.cnet.com/tech/home-entertainment/how-do-transparent-tvs-work/,2024-05-22T10:00:09Z,"At CES in January, both LG and Samsung showed off transparent TVs. These seemingly magical devices can show an image just like a regular TV, except you can also see right through them. Images seem to… [+8535 chars]"
80,Biztoc.com,marketwatch.com,"The 2025 Lincoln Aviator is plush, comfortable and loaded with tech. Welcome to the palace","The 2025 Lincoln Aviator midsize luxury SUV brings comfort and technology to the forefront, backed up by a powerful engine. #lincolnaviator",https://biztoc.com/x/54aaa1c9c832abf1,2024-05-22T10:00:06Z,"The 2025 Lincoln Aviator midsize luxury SUV brings comfort and technology to the forefront, backed up by a powerful engine.
#lincolnaviator
This story appeared on marketwatch.com, 2024-05-22."
81,[Removed],NULL,[Removed],[Removed],https://removed.com,1970-01-01T00:00:00Z,[Removed]
82,Mother Jones,Dan Friedman,A Chinese Mogul With Deep MAGA Ties Is Going on Trial for Massive Fraud,"The trial of fugitive Chinese mogul Guo Wengui kicks off in New York Wednesday, as federal prosecutors prepare to lay out what they have called a “complex” conspiracy involving elaborate financial schemes, dozens of offshore accounts, and evidence translated …",https://www.motherjones.com/politics/2024/05/miles-guo-wengui-trial-bannon-trump/,2024-05-22T10:00:02Z,"Mother Jones; Ron Sachs/CNP/ZUMA; Anna Moneymaker; Don Emmert/AFP/Getty (2)
Fight disinformation: Sign up for the free Mother Jones Daily newsletter and follow the news that matters.
The trial of f… [+10255 chars]"
83,Newsweek,Eileen Falkenberg-Hull,2024 Ford F-150 PowerBoost Review: A Better Hybrid Than It Used to Be,"The latest generation of Ford F-150 features a revised hybrid setup that delivers proficient power, but still suffers from a cohesiveness crisis.",https://www.newsweek.com/2024-ford-f-150-powerboost-review-better-hybrid-it-used-1902545,2024-05-22T10:00:02Z,"The Ford F-150 full-size pickup truck has been offered with a hybrid engine option for a few years. Though a more eco-friendly solution to power than a V8, the engine-transmission combination was der… [+5133 chars]"
84,Newsweek,Newsweek Staff,Fiction and Nonfiction Book Picks for Every Reader This Summer,Newsweek staff helps you find the perfect book for your summer reading pleasure—from mysteries and historical fiction to Black history and the Royals.,https://www.newsweek.com/2024/06/07/fiction-nonfiction-book-picks-every-reader-this-summer-1901624.html,2024-05-22T10:00:01Z,"Long summer days and vacations go hand-in-hand. Whether you enjoy your holidays basking in the sun on a chaise lounge, traveling the world or relaxing on a staycation, a good book just improves the v… [+12295 chars]"
85,CNBC,NULL,Transition to next-generation AI chips and 2 other pressing questions ahead of Nvidia's earnings,"Wall Street is once again expecting Nvidia to deliver a beat-and-raise report. We await details on the Blackwell ramp, software revenue growth and margins.",https://www.cnbc.com/2024/05/22/nvidia-earnings-blackwell-transition-2-other-questions-ahead-of-report.html,2024-05-22T10:00:01Z,Stop us if you've heard this one before: A high bar has been set for Nvidia 's upcoming earnings report. But just because it's been the case for the past three quarters does not make it less true Wed… [+8102 chars]
86,Aps.org,"M. Kristen, J. N. Voss, M. Wildermuth, A. Bilmes, J. Lisenfeld, H. Rotzinger, and A. V. Ustinov",Giant Two-Level Systems in a Granular Superconductor,"Author(s): M. Kristen, J. N. Voss, M. Wildermuth, A. Bilmes, J. Lisenfeld, H. Rotzinger, and A. V. UstinovA class of strongly coupled two-level systems is revealed in experiments with compact microwave resonators fabricated from granular aluminum thin films.[…",https://link.aps.org/doi/10.1103/PhysRevLett.132.217002,2024-05-22T10:00:00Z,"Disordered thin films are a common choice of material for superconducting, high impedance circuits used in quantum information or particle detector physics. A wide selection of materials with differe… [+1390 chars]"
87,Aps.org,Máté Farkas,Unbounded Device-Independent Quantum Key Rates from Arbitrarily Small Nonlocality,Device-independent quantum key distribution allows for proving the security of a shared cryptographic key between two distant parties with potentially untrusted devices. The security proof is based on the measurement outcome statistics (correlation) of a Bell…,https://link.aps.org/doi/10.1103/PhysRevLett.132.210803,2024-05-22T10:00:00Z,Device-independent quantum key distribution allows for proving the security of a shared cryptographic key between two distant parties with potentially untrusted devices. The security proof is based o… [+1426 chars]
88,Aps.org,R. Pompili et al.,Guiding of Charged Particle Beams in Curved Plasma-Discharge Capillaries,We present a new approach that demonstrates the deflection and guiding of relativistic electron beams over curved paths by means of the magnetic field generated in a plasma-discharge capillary. We experimentally prove that the guiding is much less affected by…,https://link.aps.org/doi/10.1103/PhysRevLett.132.215001,2024-05-22T10:00:00Z,We present a new approach that demonstrates the deflection and guiding of relativistic electron beams over curved paths by means of the magnetic field generated in a plasma-discharge capillary. We ex… [+802 chars]
89,Aps.org,Kasper Poulsen and Nikolaj T. Zinner,Heat-based circuits using quantum rectification,"With the increased power consumption of modern computer components, heat-based circuitry has become ever more relevant due to a lower power expense to process logic bits of information. In heat-based circuits, computations are performed by driving heat curren…",https://link.aps.org/doi/10.1103/PhysRevA.109.052223,2024-05-22T10:00:00Z,"With the increased power consumption of modern computer components, heat-based circuitry has become ever more relevant due to a lower power expense to process logic bits of information. In heat-based… [+997 chars]"
90,GlobeNewswire,Global Market Insights Inc.,"C4ISR Market to reach USD 150 Bn by 2032, Says Global Market Insights inc.",C4ISR Industry size is expected to register 4% CAGR between 2023 and 2032 propelled by the government investments in the modernization of military & defense. C4ISR Industry size is expected to register 4% CAGR between 2023 and 2032 propelled by the government…,https://www.globenewswire.com/news-release/2024/05/22/2886314/0/en/C4ISR-Market-to-reach-USD-150-Bn-by-2032-Says-Global-Market-Insights-inc.html,2024-05-22T10:00:00Z,"Selbyville, Delaware, May 22, 2024 (GLOBE NEWSWIRE) -- C4ISR Market size may reach USD 150 billion in revenue by 2032, as per a recent study
 by Global Market Insights Inc.
The growing need to impr… [+4651 chars]"
91,MIT Technology Review,Zeyi Yang,OpenAI’s latest blunder shows the challenges facing Chinese AI models,"This story first appeared in China Report, MIT Technology Review’s newsletter about technology in China. Sign up to receive it in your inbox every Tuesday. Last week’s release of GPT-4o, a new AI “omnimodel” that you can interact with using voice, text, or vi…",https://www.technologyreview.com/2024/05/22/1092763/openais-gpt4o-chinese-ai-data/,2024-05-22T10:00:00Z,"In fact, among the few long Chinese tokens in GPT-4o that arent either pornography or gambling nonsense, two are socialism with Chinese characteristics and Peoples Republic of China. The presence of … [+2139 chars]"
92,Aps.org,Petr Marek,Ground State Nature and Nonlinear Squeezing of Gottesman-Kitaev-Preskill States,"The main bottleneck for universal quantum computation with traveling light is the preparation of Gottesman-Kitaev-Preskill states of sufficient quality. This is an extremely challenging task, experimental as well as theoretical, also because there is currentl…",https://link.aps.org/doi/10.1103/PhysRevLett.132.210601,2024-05-22T10:00:00Z,"The main bottleneck for universal quantum computation with traveling light is the preparation of Gottesman-Kitaev-Preskill states of sufficient quality. This is an extremely challenging task, experim… [+560 chars]"
93,ComputerWeekly.com,Sebastian Klovig Skelton,AI Seoul Summit: 27 nations and EU to set red lines on AI risk,"The countries will now work together to identify thresholds at which the risks presented by an AI model or system would be unacceptable without safeguards in place, as well as develop interoperable safety testing regimes for the technology",https://www.computerweekly.com/news/366585944/AI-Seoul-Summit-27-nations-and-EU-to-set-red-lines-on-AI-risk,2024-05-22T10:00:00Z,"More than two dozen countries have committed to developing shared riskthresholds for frontier artificial intelligence (AI) models to limit their harmful impacts, as part of an agreement to promote sa… [+6160 chars]"
94,Aps.org,Graziano Amati,Dynamical signatures of non-Markovianity in a dissipative-driven qubit,We investigate signatures of non-Markovianity in the dynamics of a periodically driven qubit coupled to a dissipative bosonic environment. We propagate the dynamics of the reduced density matrix of the qubit by integrating the numerically exact hierarchical e…,https://link.aps.org/doi/10.1103/PhysRevA.109.052433,2024-05-22T10:00:00Z,We investigate signatures of non-Markovianity in the dynamics of a periodically driven qubit coupled to a dissipative bosonic environment. We propagate the dynamics of the reduced density matrix of t… [+1327 chars]
95,Computerworld,Evan Schuman,Trying to keep AI from sneaking into your environment? Good luck!,"Enterprise IT today has generative AI hitting it from every angle: from systems that it directly licenses for millions of dollars, from large language models and other genAI algorithms that are sneaking into every SaaS product globally, from employees and con…",https://www.computerworld.com/article/2108511/trying-to-keep-ai-from-sneaking-into-your-environment-good-luck.html,2024-05-22T10:00:00Z,"“Within three years, programmers will not be writing most code. AI will,” she predicted, with 60% to 70% of code being created by AI in that timeframe. “We can’t manage and govern this [AI] space [in… [+1172 chars]"
96,GlobeNewswire,ProcessMaker,ProcessMaker Wins Top Award as 2024 Best Generative AI Solution from SIIA CODiE,"Recognized for superior innovation, user-friendliness and problem solving through GenAI Recognized for superior innovation, user-friendliness and problem solving through GenAI",https://www.globenewswire.com/news-release/2024/05/22/2886315/0/en/ProcessMaker-Wins-Top-Award-as-2024-Best-Generative-AI-Solution-from-SIIA-CODiE.html,2024-05-22T10:00:00Z,"Durham, North Carolina, May 22, 2024 (GLOBE NEWSWIRE) -- ProcessMaker, a business process automation platform, announces that ProcessMaker Platform was named the 2024 SIIA CODiE Award Winner in the B… [+3130 chars]"
97,Forbes,"Christian Pedersen, Forbes Councils Member, 
 Christian Pedersen, Forbes Councils Member
 https://www.forbes.com/sites/forbestechcouncil/people/christianpedersen/",Agility Matters: Elements For Embracing More Sustainable Business Models,The inevitable shift toward a circular economy raises essential questions for nearly every manufacturer.,https://www.forbes.com/sites/forbestechcouncil/2024/05/22/agility-matters-elements-for-embracing-more-sustainable-business-models/,2024-05-22T10:00:00Z,"Chief Product Officer at IFS with a passion for developing and adapting technology that adds differentiating value for businesses.
getty
According to Gartner, ""the circular economy will be the only… [+7192 chars]"
98,Computerworld,JR Raphael,Gemini is the new Google+,"Allow me to paint a purely hypothetical picture for you — for, erm, no reason in particular.




Imagine the following conversation about a groundbreaking new product someone is really excited to show you. I’ll take the liberty of playing the role of you and…",https://www.computerworld.com/article/2117752/google-gemini-ai.html,2024-05-22T10:00:00Z,"And let’s be brutally honest for a second: Google’s Gemini system is not that technology. Not in its current form, anyhow, nor in the way Google is scrambling to cram it into every possible nook and … [+1201 chars]"
99,Forbes,"David Prosser, Contributor, 
 David Prosser, Contributor
 https://www.forbes.com/sites/davidprosser/",UnifyApps Raises $11 Million Seed Round For One App To Rule Them All,"With the typical enterprise company now running more than 400 apps that aren't connected to one another, UnifyApps thinks its integration platform is the answer",https://www.forbes.com/sites/davidprosser/2024/05/22/unifyapps-raises-11-million-seed-round-for-one-app-to-rule-them-all/,2024-05-22T10:00:00Z,"UnifyApps co-founders, led by Pavitar Singh (centre)
UnifyApps
The software-as-a-service (Saas) revolution has transformed the technology infrastructures of companies worldwide for the better. Indi… [+3918 chars]"
100,Forbes,"Mark Sparrow, Senior Contributor, 
 Mark Sparrow, Senior Contributor
 https://www.forbes.com/sites/marksparrow/",New And Improved NuPhy Halo75 V2 Is A Keyboard Worth Tapping Into,The latest version of the NuPhy Halo75 has seen significant improvements and upgrades. This is twice the keyboard that the original version was. Well worth the upgrade.,https://www.forbes.com/sites/marksparrow/2024/05/22/new-and-improved-nuphy-halo75-v2-is-a-keyboard-worth-tapping-into/,2024-05-22T10:00:00Z,"The new and improved NuPhy Halo75 V2 mechanical keyboard is available in five colorways, including ... [+] three new cocktail-inspired Sakura Fizz, Mojito and Blue Lagoon.
Nuphy
Keyboard maker NuPh… [+7689 chars]"
