Microsoft,
Apple,
Tesla,
Amazon,
Facebook,
Google,
Netflix,
Nvidia,
AMD,
PayPal,
Shopify,
Zoom,
Square,
Snap,
Twitter,
Spotify,
Slack,
DocuSign,
Salesforce,
Adobe,













































M,i,c,r,o,s,o,f,t
M,i,c,r,o,s,o,f,t
M,i,c,r,o,s,o,f,t
M,i,c,r,o,s,o,f,t



















A,p,p,l,e, ,I,n,c,.
A,p,p,l,e, ,I,n,c,.
A,p,p,l,e, ,I,n,c,.
A,p,p,l,e, ,I,n,c,.
N,V,I,D,I,A, ,C,o,r,p,o,r,a,t,i,o,n
M,i,c,r,o,s,o,f,t, ,C,o,r,p,o,r,a,t,i,o,n
s,d,a
A,p,p,l,e, ,I,n,c,.
a,s,d
M,i,c,r,o,s,o,f,t
P,e,p,s,i,C,o,",", ,I,n,c,.
A,p,p,l,e, ,I,n,c,.
A,p,p,l,e, ,I,n,c,.
A,p,p,l,e, ,I,n,c,.
A,p,p,l,e, ,I,n,c,.
A,p,p,l,e, ,I,n,c,.
A,p,p,l,e, ,I,n,c,.
A,p,p,l,e, ,I,n,c,.
A,p,p,l,e, ,I,n,c,.
A,p,p,l,e, ,I,n,c,.
A,p,p,l,e, ,I,n,c,.
A,p,p,l,e, ,I,n,c,.
P,e,p,s,i,C,o,",", ,I,n,c,.
M,i,c,r,o,s,o,f,t, ,C,o,r,p,o,r,a,t,i,o,n
N,V,I,D,I,A, ,C,o,r,p,o,r,a,t,i,o,n
T,e,s,l,a,",", ,I,n,c,.
N,V,I,D,I,A, ,C,o,r,p,o,r,a,t,i,o,n
A,p,p,l,e, ,I,n,c,.
T,h,e, ,G,o,l,d,m,a,n, ,S,a,c,h,s, ,G,r,o,u,p,",", ,I,n,c,.
G,e,n,e,r,a,l, ,M,i,l,l,s,",", ,I,n,c,.
G,e,n,e,r,a,l, ,M,i,l,l,s,",", ,I,n,c,.
P,l,a,n,e,t, ,L,a,b,s, ,P,B,C
A,p,p,l,e, ,I,n,c,.
M,i,c,r,o,s,o,f,t, ,C,o,r,p,o,r,a,t,i,o,n
